0,0,12,0,2,1
0,0,12,1,5,1
0,0,12,2,1,1
0,1,10,0,4,1
0,1,10,1,7,1
0,1,10,2,2,1
0,2,19,0,8,1
0,2,19,1,8,1
0,2,19,2,5,1
0,3,5,0,2,1
0,3,5,1,2,1
0,3,5,2,10,1
0,4,1,0,3,1
0,4,1,1,9,1
0,4,1,2,4,1
0,5,9,0,2,1
0,5,9,1,9,1
0,5,9,2,8,1
0,6,8,0,1,1
0,6,8,1,1,1
0,6,8,2,3,1
0,7,12,0,1,1
0,7,12,1,9,1
0,7,12,2,2,1
0,8,18,0,7,1
0,8,18,1,8,1
0,8,18,2,10,1
0,9,4,0,6,1
0,9,4,1,1,1
0,9,4,2,9,1
1,0,20,0,2,1
1,0,20,1,2,1
1,0,20,2,10,1
1,1,11,0,3,1
1,1,11,1,5,1
1,1,11,2,6,1
1,2,10,0,8,1
1,2,10,1,3,1
1,2,10,2,4,1
1,3,16,0,1,1
1,3,16,1,6,1
1,3,16,2,7,1
1,4,13,0,2,1
1,4,13,1,4,1
1,4,13,2,6,1
1,5,12,0,7,1
1,5,12,1,9,1
1,5,12,2,10,1
1,6,9,0,9,1
1,6,9,1,4,1
1,6,9,2,7,1
1,7,3,0,5,1
1,7,3,1,3,1
1,7,3,2,2,1
1,8,20,0,1,1
1,8,20,1,4,1
1,8,20,2,3,1
1,9,2,0,4,1
1,9,2,1,7,1
1,9,2,2,2,1
2,0,20,0,6,1
2,0,20,1,5,1
2,0,20,2,4,1
2,1,4,0,5,1
2,1,4,1,3,1
2,1,4,2,4,1
2,2,8,0,6,1
2,2,8,1,6,1
2,2,8,2,9,1
2,3,19,0,6,1
2,3,19,1,6,1
2,3,19,2,2,1
2,4,11,0,9,1
2,4,11,1,9,1
2,4,11,2,2,1
2,5,19,0,6,1
2,5,19,1,10,1
2,5,19,2,6,1
2,6,3,0,3,1
2,6,3,1,6,1
2,6,3,2,2,1
2,7,1,0,10,1
2,7,1,1,2,1
2,7,1,2,3,1
2,8,3,0,7,1
2,8,3,1,7,1
2,8,3,2,1,1
2,9,13,0,7,1
2,9,13,1,9,1
2,9,13,2,6,1
3,0,16,0,1,1
3,0,16,1,7,1
3,0,16,2,10,1
3,1,9,0,4,1
3,1,9,1,3,1
3,1,9,2,7,1
3,2,17,0,1,1
3,2,17,1,1,1
3,2,17,2,5,1
3,3,8,0,3,1
3,3,8,1,3,1
3,3,8,2,7,1
3,4,17,0,5,1
3,4,17,1,8,1
3,4,17,2,7,1
3,5,15,0,4,1
3,5,15,1,8,1
3,5,15,2,4,1
3,6,14,0,10,1
3,6,14,1,9,1
3,6,14,2,9,1
3,7,4,0,9,1
3,7,4,1,5,1
3,7,4,2,9,1
3,8,11,0,9,1
3,8,11,1,2,1
3,8,11,2,10,1
3,9,9,0,3,1
3,9,9,1,5,1
3,9,9,2,4,1
4,0,6,0,9,1
4,0,6,1,10,1
4,0,6,2,1,1
4,1,6,0,8,1
4,1,6,1,8,1
4,1,6,2,7,1
4,2,4,0,9,1
4,2,4,1,8,1
4,2,4,2,5,1
4,3,4,0,5,1
4,3,4,1,6,1
4,3,4,2,6,1
4,4,6,0,2,1
4,4,6,1,9,1
4,4,6,2,8,1
4,5,8,0,8,1
4,5,8,1,1,1
4,5,8,2,10,1
4,6,13,0,3,1
4,6,13,1,9,1
4,6,13,2,7,1
4,7,15,0,4,1
4,7,15,1,3,1
4,7,15,2,1,1
4,8,16,0,2,1
4,8,16,1,6,1
4,8,16,2,7,1
4,9,5,0,1,1
4,9,5,1,1,1
4,9,5,2,8,1
5,0,6,0,9,1
5,0,6,1,2,1
5,0,6,2,10,1
5,1,16,0,7,1
5,1,16,1,4,1
5,1,16,2,8,1
5,2,16,0,6,1
5,2,16,1,4,1
5,2,16,2,4,1
5,3,5,0,7,1
5,3,5,1,9,1
5,3,5,2,9,1
5,4,13,0,2,1
5,4,13,1,8,1
5,4,13,2,2,1
5,5,14,0,1,1
5,5,14,1,9,1
5,5,14,2,9,1
5,6,2,0,9,1
5,6,2,1,1,1
5,6,2,2,6,1
5,7,4,0,2,1
5,7,4,1,5,1
5,7,4,2,1,1
5,8,2,0,2,1
5,8,2,1,6,1
5,8,2,2,3,1
5,9,5,0,6,1
5,9,5,1,2,1
5,9,5,2,5,1
6,0,3,0,3,1
6,0,3,1,9,1
6,0,3,2,5,1
6,1,4,0,8,1
6,1,4,1,6,1
6,1,4,2,2,1
6,2,1,0,3,1
6,2,1,1,6,1
6,2,1,2,3,1
6,3,16,0,2,1
6,3,16,1,3,1
6,3,16,2,10,1
6,4,6,0,9,1
6,4,6,1,2,1
6,4,6,2,7,1
6,5,20,0,9,1
6,5,20,1,5,1
6,5,20,2,10,1
6,6,2,0,2,1
6,6,2,1,2,1
6,6,2,2,10,1
6,7,5,0,4,1
6,7,5,1,2,1
6,7,5,2,3,1
6,8,18,0,4,1
6,8,18,1,3,1
6,8,18,2,9,1
6,9,6,0,1,1
6,9,6,1,5,1
6,9,6,2,1,1
7,0,19,0,8,1
7,0,19,1,4,1
7,0,19,2,1,1
7,1,13,0,7,1
7,1,13,1,10,1
7,1,13,2,9,1
7,2,20,0,3,1
7,2,20,1,10,1
7,2,20,2,3,1
7,3,13,0,2,1
7,3,13,1,3,1
7,3,13,2,8,1
7,4,4,0,9,1
7,4,4,1,4,1
7,4,4,2,9,1
7,5,11,0,4,1
7,5,11,1,3,1
7,5,11,2,6,1
7,6,2,0,8,1
7,6,2,1,1,1
7,6,2,2,1,1
7,7,3,0,8,1
7,7,3,1,7,1
7,7,3,2,9,1
7,8,4,0,2,1
7,8,4,1,9,1
7,8,4,2,2,1
7,9,4,0,9,1
7,9,4,1,9,1
7,9,4,2,7,1
8,0,2,0,7,1
8,0,2,1,4,1
8,0,2,2,1,1
8,1,6,0,8,1
8,1,6,1,9,1
8,1,6,2,7,1
8,2,20,0,9,1
8,2,20,1,4,1
8,2,20,2,8,1
8,3,12,0,8,1
8,3,12,1,8,1
8,3,12,2,5,1
8,4,14,0,6,1
8,4,14,1,7,1
8,4,14,2,8,1
8,5,8,0,2,1
8,5,8,1,6,1
8,5,8,2,1,1
8,6,3,0,8,1
8,6,3,1,7,1
8,6,3,2,4,1
8,7,6,0,4,1
8,7,6,1,7,1
8,7,6,2,2,1
8,8,15,0,2,1
8,8,15,1,2,1
8,8,15,2,3,1
8,9,3,0,4,1
8,9,3,1,2,1
8,9,3,2,3,1
9,0,4,0,3,1
9,0,4,1,9,1
9,0,4,2,8,1
9,1,2,0,10,1
9,1,2,1,6,1
9,1,2,2,3,1
9,2,6,0,7,1
9,2,6,1,8,1
9,2,6,2,3,1
9,3,6,0,1,1
9,3,6,1,8,1
9,3,6,2,8,1
9,4,18,0,3,1
9,4,18,1,1,1
9,4,18,2,1,1
9,5,6,0,5,1
9,5,6,1,4,1
9,5,6,2,6,1
9,6,1,0,6,1
9,6,1,1,3,1
9,6,1,2,4,1
9,7,10,0,2,1
9,7,10,1,6,1
9,7,10,2,8,1
9,8,4,0,10,1
9,8,4,1,2,1
9,8,4,2,10,1
9,9,5,0,4,1
9,9,5,1,9,1
9,9,5,2,6,1
10,0,6,0,3,1
10,0,6,1,7,1
10,0,6,2,3,1
10,1,11,0,10,1
10,1,11,1,9,1
10,1,11,2,3,1
10,2,17,0,6,1
10,2,17,1,3,1
10,2,17,2,2,1
10,3,10,0,1,1
10,3,10,1,4,1
10,3,10,2,4,1
10,4,5,0,3,1
10,4,5,1,4,1
10,4,5,2,3,1
10,5,10,0,2,1
10,5,10,1,3,1
10,5,10,2,8,1
10,6,18,0,1,1
10,6,18,1,9,1
10,6,18,2,8,1
10,7,17,0,1,1
10,7,17,1,1,1
10,7,17,2,10,1
10,8,2,0,10,1
10,8,2,1,7,1
10,8,2,2,5,1
10,9,6,0,4,1
10,9,6,1,7,1
10,9,6,2,8,1
11,0,20,0,9,1
11,0,20,1,8,1
11,0,20,2,3,1
11,1,5,0,9,1
11,1,5,1,6,1
11,1,5,2,2,1
11,2,5,0,1,1
11,2,5,1,4,1
11,2,5,2,5,1
11,3,16,0,10,1
11,3,16,1,8,1
11,3,16,2,4,1
11,4,13,0,10,1
11,4,13,1,4,1
11,4,13,2,10,1
11,5,1,0,1,1
11,5,1,1,2,1
11,5,1,2,4,1
11,6,16,0,3,1
11,6,16,1,6,1
11,6,16,2,10,1
11,7,16,0,3,1
11,7,16,1,7,1
11,7,16,2,5,1
11,8,20,0,4,1
11,8,20,1,1,1
11,8,20,2,10,1
11,9,1,0,10,1
11,9,1,1,5,1
11,9,1,2,6,1
12,0,20,0,1,1
12,0,20,1,5,1
12,0,20,2,10,1
12,1,4,0,4,1
12,1,4,1,8,1
12,1,4,2,8,1
12,2,5,0,6,1
12,2,5,1,1,1
12,2,5,2,3,1
12,3,20,0,1,1
12,3,20,1,3,1
12,3,20,2,6,1
12,4,16,0,5,1
12,4,16,1,3,1
12,4,16,2,7,1
12,5,3,0,6,1
12,5,3,1,2,1
12,5,3,2,8,1
12,6,17,0,4,1
12,6,17,1,6,1
12,6,17,2,7,1
12,7,3,0,3,1
12,7,3,1,10,1
12,7,3,2,4,1
12,8,1,0,2,1
12,8,1,1,5,1
12,8,1,2,2,1
12,9,10,0,9,1
12,9,10,1,8,1
12,9,10,2,3,1
13,0,11,0,6,1
13,0,11,1,9,1
13,0,11,2,1,1
13,1,5,0,10,1
13,1,5,1,5,1
13,1,5,2,2,1
13,2,12,0,4,1
13,2,12,1,4,1
13,2,12,2,6,1
13,3,12,0,9,1
13,3,12,1,7,1
13,3,12,2,1,1
13,4,18,0,4,1
13,4,18,1,7,1
13,4,18,2,4,1
13,5,19,0,3,1
13,5,19,1,4,1
13,5,19,2,3,1
13,6,12,0,9,1
13,6,12,1,5,1
13,6,12,2,3,1
13,7,16,0,10,1
13,7,16,1,2,1
13,7,16,2,6,1
13,8,6,0,3,1
13,8,6,1,6,1
13,8,6,2,9,1
13,9,12,0,9,1
13,9,12,1,5,1
13,9,12,2,2,1
14,0,5,0,5,1
14,0,5,1,10,1
14,0,5,2,7,1
14,1,15,0,1,1
14,1,15,1,4,1
14,1,15,2,4,1
14,2,18,0,6,1
14,2,18,1,10,1
14,2,18,2,10,1
14,3,9,0,5,1
14,3,9,1,3,1
14,3,9,2,7,1
14,4,13,0,6,1
14,4,13,1,2,1
14,4,13,2,3,1
14,5,18,0,4,1
14,5,18,1,6,1
14,5,18,2,2,1
14,6,13,0,6,1
14,6,13,1,2,1
14,6,13,2,1,1
14,7,13,0,10,1
14,7,13,1,3,1
14,7,13,2,8,1
14,8,10,0,10,1
14,8,10,1,9,1
14,8,10,2,4,1
14,9,16,0,10,1
14,9,16,1,4,1
14,9,16,2,3,1
15,0,12,0,9,1
15,0,12,1,4,1
15,0,12,2,6,1
15,1,12,0,3,1
15,1,12,1,1,1
15,1,12,2,5,1
15,2,17,0,5,1
15,2,17,1,8,1
15,2,17,2,9,1
15,3,17,0,6,1
15,3,17,1,4,1
15,3,17,2,3,1
15,4,20,0,2,1
15,4,20,1,8,1
15,4,20,2,5,1
15,5,19,0,9,1
15,5,19,1,3,1
15,5,19,2,2,1
15,6,9,0,8,1
15,6,9,1,4,1
15,6,9,2,6,1
15,7,1,0,2,1
15,7,1,1,9,1
15,7,1,2,3,1
15,8,15,0,6,1
15,8,15,1,10,1
15,8,15,2,5,1
15,9,10,0,9,1
15,9,10,1,7,1
15,9,10,2,9,1
16,0,9,0,10,1
16,0,9,1,2,1
16,0,9,2,7,1
16,1,19,0,8,1
16,1,19,1,7,1
16,1,19,2,4,1
16,2,4,0,10,1
16,2,4,1,2,1
16,2,4,2,2,1
16,3,12,0,5,1
16,3,12,1,7,1
16,3,12,2,3,1
16,4,3,0,6,1
16,4,3,1,6,1
16,4,3,2,7,1
16,5,3,0,6,1
16,5,3,1,3,1
16,5,3,2,1,1
16,6,3,0,7,1
16,6,3,1,6,1
16,6,3,2,9,1
16,7,1,0,3,1
16,7,1,1,6,1
16,7,1,2,6,1
16,8,9,0,6,1
16,8,9,1,3,1
16,8,9,2,10,1
16,9,20,0,6,1
16,9,20,1,1,1
16,9,20,2,4,1
17,0,18,0,3,1
17,0,18,1,7,1
17,0,18,2,9,1
17,1,15,0,3,1
17,1,15,1,5,1
17,1,15,2,7,1
17,2,9,0,1,1
17,2,9,1,9,1
17,2,9,2,8,1
17,3,15,0,3,1
17,3,15,1,8,1
17,3,15,2,9,1
17,4,16,0,6,1
17,4,16,1,5,1
17,4,16,2,1,1
17,5,16,0,7,1
17,5,16,1,5,1
17,5,16,2,10,1
17,6,20,0,10,1
17,6,20,1,2,1
17,6,20,2,5,1
17,7,16,0,2,1
17,7,16,1,3,1
17,7,16,2,3,1
17,8,13,0,8,1
17,8,13,1,6,1
17,8,13,2,10,1
17,9,9,0,3,1
17,9,9,1,8,1
17,9,9,2,7,1
18,0,13,0,1,1
18,0,13,1,2,1
18,0,13,2,2,1
18,1,1,0,9,1
18,1,1,1,2,1
18,1,1,2,10,1
18,2,13,0,2,1
18,2,13,1,2,1
18,2,13,2,10,1
18,3,7,0,3,1
18,3,7,1,4,1
18,3,7,2,2,1
18,4,19,0,2,1
18,4,19,1,3,1
18,4,19,2,10,1
18,5,17,0,7,1
18,5,17,1,5,1
18,5,17,2,10,1
18,6,19,0,10,1
18,6,19,1,3,1
18,6,19,2,3,1
18,7,18,0,10,1
18,7,18,1,8,1
18,7,18,2,1,1
18,8,12,0,4,1
18,8,12,1,6,1
18,8,12,2,6,1
18,9,19,0,6,1
18,9,19,1,8,1
18,9,19,2,7,1
19,0,13,0,4,1
19,0,13,1,5,1
19,0,13,2,10,1
19,1,19,0,5,1
19,1,19,1,9,1
19,1,19,2,1,1
19,2,15,0,1,1
19,2,15,1,1,1
19,2,15,2,5,1
19,3,16,0,10,1
19,3,16,1,4,1
19,3,16,2,6,1
19,4,3,0,7,1
19,4,3,1,1,1
19,4,3,2,7,1
19,5,2,0,1,1
19,5,2,1,7,1
19,5,2,2,5,1
19,6,8,0,5,1
19,6,8,1,4,1
19,6,8,2,1,1
19,7,5,0,5,1
19,7,5,1,1,1
19,7,5,2,8,1
19,8,16,0,3,1
19,8,16,1,2,1
19,8,16,2,3,1
19,9,12,0,3,1
19,9,12,1,3,1
19,9,12,2,7,1
20,0,19,0,5,1
20,0,19,1,8,1
20,0,19,2,2,1
20,1,5,0,2,1
20,1,5,1,2,1
20,1,5,2,5,1
20,2,7,0,4,1
20,2,7,1,10,1
20,2,7,2,7,1
20,3,6,0,3,1
20,3,6,1,1,1
20,3,6,2,6,1
20,4,13,0,8,1
20,4,13,1,9,1
20,4,13,2,7,1
20,5,13,0,5,1
20,5,13,1,2,1
20,5,13,2,8,1
20,6,11,0,7,1
20,6,11,1,4,1
20,6,11,2,8,1
20,7,4,0,2,1
20,7,4,1,10,1
20,7,4,2,10,1
20,8,6,0,4,1
20,8,6,1,1,1
20,8,6,2,4,1
20,9,18,0,10,1
20,9,18,1,7,1
20,9,18,2,9,1
21,0,9,0,5,1
21,0,9,1,10,1
21,0,9,2,8,1
21,1,2,0,2,1
21,1,2,1,2,1
21,1,2,2,7,1
21,2,14,0,3,1
21,2,14,1,2,1
21,2,14,2,5,1
21,3,19,0,6,1
21,3,19,1,3,1
21,3,19,2,5,1
21,4,5,0,10,1
21,4,5,1,5,1
21,4,5,2,3,1
21,5,11,0,6,1
21,5,11,1,6,1
21,5,11,2,3,1
21,6,10,0,7,1
21,6,10,1,4,1
21,6,10,2,5,1
21,7,4,0,10,1
21,7,4,1,1,1
21,7,4,2,6,1
21,8,7,0,10,1
21,8,7,1,3,1
21,8,7,2,7,1
21,9,12,0,9,1
21,9,12,1,4,1
21,9,12,2,8,1
22,0,2,0,3,1
22,0,2,1,10,1
22,0,2,2,9,1
22,1,15,0,9,1
22,1,15,1,7,1
22,1,15,2,1,1
22,2,17,0,9,1
22,2,17,1,4,1
22,2,17,2,5,1
22,3,1,0,8,1
22,3,1,1,3,1
22,3,1,2,6,1
22,4,14,0,4,1
22,4,14,1,10,1
22,4,14,2,7,1
22,5,2,0,8,1
22,5,2,1,9,1
22,5,2,2,5,1
22,6,13,0,4,1
22,6,13,1,1,1
22,6,13,2,2,1
22,7,14,0,10,1
22,7,14,1,9,1
22,7,14,2,5,1
22,8,5,0,9,1
22,8,5,1,9,1
22,8,5,2,4,1
22,9,8,0,5,1
22,9,8,1,8,1
22,9,8,2,10,1
23,0,10,0,8,1
23,0,10,1,1,1
23,0,10,2,6,1
23,1,2,0,8,1
23,1,2,1,10,1
23,1,2,2,1,1
23,2,20,0,6,1
23,2,20,1,8,1
23,2,20,2,2,1
23,3,13,0,9,1
23,3,13,1,4,1
23,3,13,2,1,1
23,4,18,0,6,1
23,4,18,1,5,1
23,4,18,2,9,1
23,5,11,0,5,1
23,5,11,1,8,1
23,5,11,2,8,1
23,6,1,0,7,1
23,6,1,1,6,1
23,6,1,2,5,1
23,7,11,0,4,1
23,7,11,1,9,1
23,7,11,2,4,1
23,8,11,0,2,1
23,8,11,1,2,1
23,8,11,2,8,1
23,9,2,0,1,1
23,9,2,1,4,1
23,9,2,2,2,1
24,0,17,0,6,1
24,0,17,1,2,1
24,0,17,2,2,1
24,1,20,0,2,1
24,1,20,1,2,1
24,1,20,2,3,1
24,2,16,0,1,1
24,2,16,1,3,1
24,2,16,2,7,1
24,3,4,0,9,1
24,3,4,1,6,1
24,3,4,2,10,1
24,4,18,0,4,1
24,4,18,1,4,1
24,4,18,2,3,1
24,5,15,0,4,1
24,5,15,1,9,1
24,5,15,2,9,1
24,6,19,0,6,1
24,6,19,1,2,1
24,6,19,2,5,1
24,7,15,0,3,1
24,7,15,1,8,1
24,7,15,2,9,1
24,8,6,0,5,1
24,8,6,1,5,1
24,8,6,2,1,1
24,9,2,0,10,1
24,9,2,1,5,1
24,9,2,2,1,1
25,0,15,0,4,1
25,0,15,1,3,1
25,0,15,2,8,1
25,1,16,0,4,1
25,1,16,1,10,1
25,1,16,2,3,1
25,2,6,0,8,1
25,2,6,1,9,1
25,2,6,2,2,1
25,3,5,0,1,1
25,3,5,1,3,1
25,3,5,2,4,1
25,4,9,0,4,1
25,4,9,1,3,1
25,4,9,2,1,1
25,5,9,0,5,1
25,5,9,1,4,1
25,5,9,2,8,1
25,6,20,0,8,1
25,6,20,1,6,1
25,6,20,2,3,1
25,7,18,0,8,1
25,7,18,1,9,1
25,7,18,2,3,1
25,8,6,0,1,1
25,8,6,1,5,1
25,8,6,2,4,1
25,9,14,0,5,1
25,9,14,1,10,1
25,9,14,2,7,1
26,0,8,0,10,1
26,0,8,1,4,1
26,0,8,2,3,1
26,1,4,0,5,1
26,1,4,1,2,1
26,1,4,2,10,1
26,2,14,0,9,1
26,2,14,1,8,1
26,2,14,2,9,1
26,3,13,0,8,1
26,3,13,1,1,1
26,3,13,2,9,1
26,4,18,0,10,1
26,4,18,1,9,1
26,4,18,2,7,1
26,5,20,0,7,1
26,5,20,1,4,1
26,5,20,2,7,1
26,6,13,0,5,1
26,6,13,1,4,1
26,6,13,2,10,1
26,7,14,0,2,1
26,7,14,1,6,1
26,7,14,2,5,1
26,8,18,0,4,1
26,8,18,1,5,1
26,8,18,2,3,1
26,9,4,0,7,1
26,9,4,1,3,1
26,9,4,2,4,1
27,0,17,0,3,1
27,0,17,1,7,1
27,0,17,2,8,1
27,1,16,0,7,1
27,1,16,1,4,1
27,1,16,2,9,1
27,2,15,0,10,1
27,2,15,1,1,1
27,2,15,2,3,1
27,3,3,0,5,1
27,3,3,1,7,1
27,3,3,2,6,1
27,4,3,0,10,1
27,4,3,1,2,1
27,4,3,2,9,1
27,5,4,0,6,1
27,5,4,1,1,1
27,5,4,2,9,1
27,6,16,0,9,1
27,6,16,1,2,1
27,6,16,2,2,1
27,7,12,0,10,1
27,7,12,1,8,1
27,7,12,2,7,1
27,8,8,0,9,1
27,8,8,1,5,1
27,8,8,2,2,1
27,9,14,0,8,1
27,9,14,1,10,1
27,9,14,2,10,1
28,0,17,0,7,1
28,0,17,1,6,1
28,0,17,2,9,1
28,1,6,0,5,1
28,1,6,1,7,1
28,1,6,2,10,1
28,2,7,0,3,1
28,2,7,1,1,1
28,2,7,2,5,1
28,3,13,0,6,1
28,3,13,1,6,1
28,3,13,2,7,1
28,4,3,0,2,1
28,4,3,1,10,1
28,4,3,2,10,1
28,5,7,0,6,1
28,5,7,1,10,1
28,5,7,2,6,1
28,6,1,0,6,1
28,6,1,1,9,1
28,6,1,2,8,1
28,7,2,0,7,1
28,7,2,1,6,1
28,7,2,2,1,1
28,8,5,0,2,1
28,8,5,1,5,1
28,8,5,2,3,1
28,9,1,0,4,1
28,9,1,1,1,1
28,9,1,2,8,1
29,0,13,0,7,1
29,0,13,1,2,1
29,0,13,2,6,1
29,1,8,0,1,1
29,1,8,1,8,1
29,1,8,2,8,1
29,2,17,0,2,1
29,2,17,1,1,1
29,2,17,2,10,1
29,3,11,0,6,1
29,3,11,1,2,1
29,3,11,2,3,1
29,4,12,0,3,1
29,4,12,1,6,1
29,4,12,2,10,1
29,5,19,0,5,1
29,5,19,1,7,1
29,5,19,2,3,1
29,6,13,0,10,1
29,6,13,1,6,1
29,6,13,2,2,1
29,7,3,0,5,1
29,7,3,1,2,1
29,7,3,2,1,1
29,8,5,0,5,1
29,8,5,1,8,1
29,8,5,2,5,1
29,9,11,0,5,1
29,9,11,1,8,1
29,9,11,2,5,1
30,0,3,0,10,1
30,0,3,1,8,1
30,0,3,2,6,1
30,1,14,0,5,1
30,1,14,1,3,1
30,1,14,2,8,1
30,2,16,0,4,1
30,2,16,1,4,1
30,2,16,2,6,1
30,3,7,0,4,1
30,3,7,1,9,1
30,3,7,2,1,1
30,4,15,0,7,1
30,4,15,1,7,1
30,4,15,2,10,1
30,5,17,0,4,1
30,5,17,1,8,1
30,5,17,2,5,1
30,6,4,0,4,1
30,6,4,1,10,1
30,6,4,2,10,1
30,7,13,0,1,1
30,7,13,1,2,1
30,7,13,2,6,1
30,8,17,0,10,1
30,8,17,1,1,1
30,8,17,2,2,1
30,9,9,0,8,1
30,9,9,1,10,1
30,9,9,2,10,1
31,0,8,0,6,1
31,0,8,1,10,1
31,0,8,2,3,1
31,1,12,0,3,1
31,1,12,1,5,1
31,1,12,2,7,1
31,2,12,0,2,1
31,2,12,1,4,1
31,2,12,2,6,1
31,3,14,0,4,1
31,3,14,1,2,1
31,3,14,2,6,1
31,4,1,0,5,1
31,4,1,1,5,1
31,4,1,2,10,1
31,5,15,0,4,1
31,5,15,1,1,1
31,5,15,2,10,1
31,6,2,0,1,1
31,6,2,1,3,1
31,6,2,2,4,1
31,7,14,0,5,1
31,7,14,1,1,1
31,7,14,2,2,1
31,8,14,0,8,1
31,8,14,1,6,1
31,8,14,2,1,1
31,9,9,0,2,1
31,9,9,1,8,1
31,9,9,2,6,1
32,0,4,0,8,1
32,0,4,1,4,1
32,0,4,2,4,1
32,1,11,0,6,1
32,1,11,1,6,1
32,1,11,2,4,1
32,2,14,0,2,1
32,2,14,1,9,1
32,2,14,2,4,1
32,3,12,0,8,1
32,3,12,1,8,1
32,3,12,2,1,1
32,4,9,0,4,1
32,4,9,1,10,1
32,4,9,2,5,1
32,5,14,0,3,1
32,5,14,1,5,1
32,5,14,2,7,1
32,6,12,0,4,1
32,6,12,1,9,1
32,6,12,2,1,1
32,7,9,0,6,1
32,7,9,1,1,1
32,7,9,2,10,1
32,8,7,0,2,1
32,8,7,1,1,1
32,8,7,2,3,1
32,9,13,0,5,1
32,9,13,1,6,1
32,9,13,2,6,1
33,0,13,0,6,1
33,0,13,1,8,1
33,0,13,2,2,1
33,1,15,0,3,1
33,1,15,1,2,1
33,1,15,2,9,1
33,2,8,0,7,1
33,2,8,1,10,1
33,2,8,2,4,1
33,3,4,0,7,1
33,3,4,1,8,1
33,3,4,2,1,1
33,4,17,0,1,1
33,4,17,1,7,1
33,4,17,2,10,1
33,5,1,0,3,1
33,5,1,1,2,1
33,5,1,2,5,1
33,6,20,0,4,1
33,6,20,1,10,1
33,6,20,2,8,1
33,7,20,0,8,1
33,7,20,1,4,1
33,7,20,2,2,1
33,8,17,0,8,1
33,8,17,1,2,1
33,8,17,2,1,1
33,9,15,0,1,1
33,9,15,1,5,1
33,9,15,2,5,1
34,0,14,0,9,1
34,0,14,1,3,1
34,0,14,2,7,1
34,1,2,0,8,1
34,1,2,1,3,1
34,1,2,2,6,1
34,2,12,0,5,1
34,2,12,1,10,1
34,2,12,2,9,1
34,3,7,0,6,1
34,3,7,1,8,1
34,3,7,2,1,1
34,4,3,0,7,1
34,4,3,1,8,1
34,4,3,2,6,1
34,5,4,0,9,1
34,5,4,1,1,1
34,5,4,2,3,1
34,6,20,0,1,1
34,6,20,1,4,1
34,6,20,2,10,1
34,7,20,0,6,1
34,7,20,1,5,1
34,7,20,2,6,1
34,8,19,0,3,1
34,8,19,1,10,1
34,8,19,2,5,1
34,9,4,0,8,1
34,9,4,1,6,1
34,9,4,2,2,1
35,0,11,0,6,1
35,0,11,1,9,1
35,0,11,2,9,1
35,1,4,0,10,1
35,1,4,1,7,1
35,1,4,2,8,1
35,2,4,0,7,1
35,2,4,1,6,1
35,2,4,2,9,1
35,3,15,0,6,1
35,3,15,1,8,1
35,3,15,2,7,1
35,4,9,0,9,1
35,4,9,1,10,1
35,4,9,2,2,1
35,5,3,0,7,1
35,5,3,1,3,1
35,5,3,2,6,1
35,6,10,0,4,1
35,6,10,1,3,1
35,6,10,2,2,1
35,7,7,0,10,1
35,7,7,1,7,1
35,7,7,2,6,1
35,8,6,0,7,1
35,8,6,1,9,1
35,8,6,2,3,1
35,9,12,0,3,1
35,9,12,1,2,1
35,9,12,2,7,1
36,0,9,0,4,1
36,0,9,1,5,1
36,0,9,2,8,1
36,1,10,0,7,1
36,1,10,1,9,1
36,1,10,2,3,1
36,2,17,0,1,1
36,2,17,1,4,1
36,2,17,2,7,1
36,3,12,0,7,1
36,3,12,1,4,1
36,3,12,2,10,1
36,4,3,0,10,1
36,4,3,1,10,1
36,4,3,2,3,1
36,5,19,0,10,1
36,5,19,1,5,1
36,5,19,2,3,1
36,6,16,0,9,1
36,6,16,1,6,1
36,6,16,2,9,1
36,7,5,0,5,1
36,7,5,1,3,1
36,7,5,2,8,1
36,8,12,0,4,1
36,8,12,1,3,1
36,8,12,2,9,1
36,9,7,0,7,1
36,9,7,1,10,1
36,9,7,2,4,1
37,0,3,0,4,1
37,0,3,1,5,1
37,0,3,2,6,1
37,1,19,0,2,1
37,1,19,1,5,1
37,1,19,2,7,1
37,2,1,0,10,1
37,2,1,1,1,1
37,2,1,2,9,1
37,3,17,0,1,1
37,3,17,1,7,1
37,3,17,2,10,1
37,4,19,0,8,1
37,4,19,1,6,1
37,4,19,2,10,1
37,5,16,0,9,1
37,5,16,1,2,1
37,5,16,2,10,1
37,6,13,0,8,1
37,6,13,1,7,1
37,6,13,2,2,1
37,7,9,0,9,1
37,7,9,1,10,1
37,7,9,2,6,1
37,8,18,0,1,1
37,8,18,1,7,1
37,8,18,2,10,1
37,9,15,0,1,1
37,9,15,1,10,1
37,9,15,2,5,1
38,0,10,0,1,1
38,0,10,1,8,1
38,0,10,2,10,1
38,1,19,0,1,1
38,1,19,1,2,1
38,1,19,2,2,1
38,2,18,0,6,1
38,2,18,1,5,1
38,2,18,2,6,1
38,3,14,0,7,1
38,3,14,1,7,1
38,3,14,2,3,1
38,4,19,0,7,1
38,4,19,1,10,1
38,4,19,2,4,1
38,5,15,0,3,1
38,5,15,1,6,1
38,5,15,2,4,1
38,6,13,0,10,1
38,6,13,1,8,1
38,6,13,2,2,1
38,7,14,0,4,1
38,7,14,1,8,1
38,7,14,2,7,1
38,8,9,0,10,1
38,8,9,1,8,1
38,8,9,2,5,1
38,9,17,0,9,1
38,9,17,1,3,1
38,9,17,2,6,1
39,0,13,0,6,1
39,0,13,1,4,1
39,0,13,2,7,1
39,1,3,0,7,1
39,1,3,1,9,1
39,1,3,2,5,1
39,2,6,0,5,1
39,2,6,1,10,1
39,2,6,2,4,1
39,3,2,0,10,1
39,3,2,1,4,1
39,3,2,2,8,1
39,4,2,0,1,1
39,4,2,1,4,1
39,4,2,2,2,1
39,5,4,0,8,1
39,5,4,1,4,1
39,5,4,2,7,1
39,6,13,0,1,1
39,6,13,1,5,1
39,6,13,2,10,1
39,7,7,0,3,1
39,7,7,1,10,1
39,7,7,2,9,1
39,8,17,0,6,1
39,8,17,1,4,1
39,8,17,2,9,1
39,9,10,0,6,1
39,9,10,1,7,1
39,9,10,2,3,1
40,0,18,0,5,1
40,0,18,1,2,1
40,0,18,2,6,1
40,1,6,0,1,1
40,1,6,1,6,1
40,1,6,2,5,1
40,2,13,0,2,1
40,2,13,1,6,1
40,2,13,2,7,1
40,3,1,0,1,1
40,3,1,1,1,1
40,3,1,2,5,1
40,4,17,0,9,1
40,4,17,1,8,1
40,4,17,2,8,1
40,5,6,0,10,1
40,5,6,1,9,1
40,5,6,2,8,1
40,6,15,0,4,1
40,6,15,1,5,1
40,6,15,2,6,1
40,7,20,0,7,1
40,7,20,1,7,1
40,7,20,2,1,1
40,8,1,0,4,1
40,8,1,1,9,1
40,8,1,2,4,1
40,9,7,0,6,1
40,9,7,1,5,1
40,9,7,2,6,1
41,0,8,0,1,1
41,0,8,1,3,1
41,0,8,2,6,1
41,1,12,0,10,1
41,1,12,1,10,1
41,1,12,2,1,1
41,2,12,0,5,1
41,2,12,1,5,1
41,2,12,2,1,1
41,3,8,0,10,1
41,3,8,1,6,1
41,3,8,2,9,1
41,4,11,0,10,1
41,4,11,1,6,1
41,4,11,2,7,1
41,5,15,0,3,1
41,5,15,1,7,1
41,5,15,2,10,1
41,6,8,0,8,1
41,6,8,1,1,1
41,6,8,2,8,1
41,7,5,0,1,1
41,7,5,1,7,1
41,7,5,2,5,1
41,8,1,0,2,1
41,8,1,1,2,1
41,8,1,2,1,1
41,9,6,0,9,1
41,9,6,1,5,1
41,9,6,2,6,1
42,0,9,0,5,1
42,0,9,1,10,1
42,0,9,2,4,1
42,1,7,0,2,1
42,1,7,1,5,1
42,1,7,2,9,1
42,2,12,0,10,1
42,2,12,1,9,1
42,2,12,2,5,1
42,3,19,0,2,1
42,3,19,1,3,1
42,3,19,2,2,1
42,4,2,0,8,1
42,4,2,1,10,1
42,4,2,2,3,1
42,5,18,0,5,1
42,5,18,1,8,1
42,5,18,2,4,1
42,6,17,0,6,1
42,6,17,1,10,1
42,6,17,2,4,1
42,7,1,0,3,1
42,7,1,1,5,1
42,7,1,2,4,1
42,8,18,0,8,1
42,8,18,1,2,1
42,8,18,2,3,1
42,9,8,0,6,1
42,9,8,1,8,1
42,9,8,2,9,1
43,0,2,0,4,1
43,0,2,1,7,1
43,0,2,2,3,1
43,1,3,0,3,1
43,1,3,1,10,1
43,1,3,2,6,1
43,2,3,0,1,1
43,2,3,1,5,1
43,2,3,2,10,1
43,3,20,0,9,1
43,3,20,1,8,1
43,3,20,2,8,1
43,4,20,0,5,1
43,4,20,1,7,1
43,4,20,2,5,1
43,5,17,0,10,1
43,5,17,1,8,1
43,5,17,2,10,1
43,6,16,0,6,1
43,6,16,1,5,1
43,6,16,2,1,1
43,7,16,0,1,1
43,7,16,1,6,1
43,7,16,2,10,1
43,8,3,0,8,1
43,8,3,1,2,1
43,8,3,2,7,1
43,9,6,0,2,1
43,9,6,1,8,1
43,9,6,2,3,1
44,0,3,0,2,1
44,0,3,1,8,1
44,0,3,2,7,1
44,1,19,0,3,1
44,1,19,1,10,1
44,1,19,2,7,1
44,2,16,0,6,1
44,2,16,1,5,1
44,2,16,2,3,1
44,3,7,0,8,1
44,3,7,1,10,1
44,3,7,2,9,1
44,4,4,0,3,1
44,4,4,1,5,1
44,4,4,2,2,1
44,5,5,0,8,1
44,5,5,1,1,1
44,5,5,2,9,1
44,6,8,0,8,1
44,6,8,1,5,1
44,6,8,2,10,1
44,7,19,0,2,1
44,7,19,1,3,1
44,7,19,2,5,1
44,8,19,0,3,1
44,8,19,1,8,1
44,8,19,2,2,1
44,9,10,0,7,1
44,9,10,1,9,1
44,9,10,2,7,1
45,0,7,0,8,1
45,0,7,1,10,1
45,0,7,2,5,1
45,1,8,0,8,1
45,1,8,1,2,1
45,1,8,2,6,1
45,2,5,0,6,1
45,2,5,1,4,1
45,2,5,2,3,1
45,3,11,0,2,1
45,3,11,1,8,1
45,3,11,2,6,1
45,4,17,0,5,1
45,4,17,1,5,1
45,4,17,2,9,1
45,5,7,0,4,1
45,5,7,1,10,1
45,5,7,2,8,1
45,6,17,0,10,1
45,6,17,1,6,1
45,6,17,2,6,1
45,7,17,0,1,1
45,7,17,1,8,1
45,7,17,2,3,1
45,8,8,0,9,1
45,8,8,1,10,1
45,8,8,2,8,1
45,9,8,0,6,1
45,9,8,1,1,1
45,9,8,2,4,1
46,0,4,0,8,1
46,0,4,1,8,1
46,0,4,2,4,1
46,1,18,0,7,1
46,1,18,1,4,1
46,1,18,2,4,1
46,2,14,0,5,1
46,2,14,1,3,1
46,2,14,2,10,1
46,3,11,0,3,1
46,3,11,1,8,1
46,3,11,2,3,1
46,4,15,0,10,1
46,4,15,1,6,1
46,4,15,2,10,1
46,5,9,0,4,1
46,5,9,1,2,1
46,5,9,2,3,1
46,6,3,0,7,1
46,6,3,1,2,1
46,6,3,2,9,1
46,7,10,0,3,1
46,7,10,1,10,1
46,7,10,2,9,1
46,8,13,0,5,1
46,8,13,1,1,1
46,8,13,2,7,1
46,9,15,0,7,1
46,9,15,1,2,1
46,9,15,2,4,1
47,0,7,0,2,1
47,0,7,1,3,1
47,0,7,2,2,1
47,1,20,0,2,1
47,1,20,1,3,1
47,1,20,2,8,1
47,2,12,0,10,1
47,2,12,1,4,1
47,2,12,2,9,1
47,3,2,0,10,1
47,3,2,1,4,1
47,3,2,2,6,1
47,4,15,0,10,1
47,4,15,1,9,1
47,4,15,2,3,1
47,5,12,0,1,1
47,5,12,1,6,1
47,5,12,2,6,1
47,6,12,0,5,1
47,6,12,1,7,1
47,6,12,2,10,1
47,7,5,0,8,1
47,7,5,1,2,1
47,7,5,2,4,1
47,8,1,0,1,1
47,8,1,1,4,1
47,8,1,2,4,1
47,9,18,0,5,1
47,9,18,1,10,1
47,9,18,2,2,1
48,0,9,0,5,1
48,0,9,1,9,1
48,0,9,2,9,1
48,1,14,0,7,1
48,1,14,1,7,1
48,1,14,2,7,1
48,2,20,0,7,1
48,2,20,1,10,1
48,2,20,2,2,1
48,3,6,0,3,1
48,3,6,1,4,1
48,3,6,2,8,1
48,4,16,0,1,1
48,4,16,1,8,1
48,4,16,2,7,1
48,5,14,0,3,1
48,5,14,1,9,1
48,5,14,2,5,1
48,6,14,0,3,1
48,6,14,1,6,1
48,6,14,2,2,1
48,7,6,0,2,1
48,7,6,1,2,1
48,7,6,2,8,1
48,8,1,0,10,1
48,8,1,1,9,1
48,8,1,2,4,1
48,9,8,0,1,1
48,9,8,1,6,1
48,9,8,2,9,1
49,0,17,0,7,1
49,0,17,1,6,1
49,0,17,2,5,1
49,1,17,0,1,1
49,1,17,1,3,1
49,1,17,2,9,1
49,2,9,0,7,1
49,2,9,1,9,1
49,2,9,2,6,1
49,3,19,0,8,1
49,3,19,1,2,1
49,3,19,2,4,1
49,4,3,0,10,1
49,4,3,1,10,1
49,4,3,2,1,1
49,5,15,0,6,1
49,5,15,1,6,1
49,5,15,2,1,1
49,6,13,0,3,1
49,6,13,1,9,1
49,6,13,2,5,1
49,7,8,0,10,1
49,7,8,1,9,1
49,7,8,2,2,1
49,8,4,0,3,1
49,8,4,1,9,1
49,8,4,2,10,1
49,9,16,0,2,1
49,9,16,1,7,1
49,9,16,2,4,1
50,0,8,0,5,1
50,0,8,1,4,1
50,0,8,2,1,1
50,1,9,0,5,1
50,1,9,1,9,1
50,1,9,2,10,1
50,2,5,0,10,1
50,2,5,1,5,1
50,2,5,2,2,1
50,3,19,0,7,1
50,3,19,1,4,1
50,3,19,2,4,1
50,4,6,0,2,1
50,4,6,1,6,1
50,4,6,2,1,1
50,5,15,0,1,1
50,5,15,1,10,1
50,5,15,2,2,1
50,6,6,0,3,1
50,6,6,1,3,1
50,6,6,2,5,1
50,7,17,0,4,1
50,7,17,1,6,1
50,7,17,2,9,1
50,8,5,0,10,1
50,8,5,1,7,1
50,8,5,2,4,1
50,9,9,0,4,1
50,9,9,1,3,1
50,9,9,2,8,1
51,0,5,0,3,1
51,0,5,1,1,1
51,0,5,2,4,1
51,1,3,0,5,1
51,1,3,1,6,1
51,1,3,2,10,1
51,2,13,0,4,1
51,2,13,1,6,1
51,2,13,2,10,1
51,3,12,0,1,1
51,3,12,1,8,1
51,3,12,2,9,1
51,4,5,0,7,1
51,4,5,1,1,1
51,4,5,2,9,1
51,5,5,0,10,1
51,5,5,1,6,1
51,5,5,2,4,1
51,6,10,0,3,1
51,6,10,1,8,1
51,6,10,2,1,1
51,7,20,0,6,1
51,7,20,1,9,1
51,7,20,2,3,1
51,8,8,0,3,1
51,8,8,1,6,1
51,8,8,2,4,1
51,9,3,0,3,1
51,9,3,1,6,1
51,9,3,2,4,1
52,0,17,0,3,1
52,0,17,1,8,1
52,0,17,2,2,1
52,1,14,0,2,1
52,1,14,1,8,1
52,1,14,2,7,1
52,2,17,0,5,1
52,2,17,1,3,1
52,2,17,2,5,1
52,3,13,0,3,1
52,3,13,1,6,1
52,3,13,2,4,1
52,4,13,0,10,1
52,4,13,1,2,1
52,4,13,2,3,1
52,5,5,0,2,1
52,5,5,1,5,1
52,5,5,2,5,1
52,6,16,0,3,1
52,6,16,1,2,1
52,6,16,2,7,1
52,7,8,0,9,1
52,7,8,1,5,1
52,7,8,2,9,1
52,8,16,0,5,1
52,8,16,1,9,1
52,8,16,2,9,1
52,9,2,0,6,1
52,9,2,1,8,1
52,9,2,2,2,1
53,0,3,0,4,1
53,0,3,1,4,1
53,0,3,2,7,1
53,1,4,0,9,1
53,1,4,1,6,1
53,1,4,2,4,1
53,2,4,0,5,1
53,2,4,1,2,1
53,2,4,2,3,1
53,3,7,0,5,1
53,3,7,1,6,1
53,3,7,2,8,1
53,4,15,0,5,1
53,4,15,1,4,1
53,4,15,2,10,1
53,5,6,0,1,1
53,5,6,1,2,1
53,5,6,2,9,1
53,6,1,0,5,1
53,6,1,1,2,1
53,6,1,2,5,1
53,7,16,0,10,1
53,7,16,1,4,1
53,7,16,2,6,1
53,8,12,0,7,1
53,8,12,1,7,1
53,8,12,2,3,1
53,9,12,0,5,1
53,9,12,1,4,1
53,9,12,2,4,1
54,0,5,0,8,1
54,0,5,1,6,1
54,0,5,2,8,1
54,1,1,0,3,1
54,1,1,1,7,1
54,1,1,2,7,1
54,2,15,0,1,1
54,2,15,1,4,1
54,2,15,2,6,1
54,3,10,0,3,1
54,3,10,1,1,1
54,3,10,2,6,1
54,4,9,0,10,1
54,4,9,1,2,1
54,4,9,2,10,1
54,5,5,0,4,1
54,5,5,1,1,1
54,5,5,2,7,1
54,6,4,0,8,1
54,6,4,1,6,1
54,6,4,2,5,1
54,7,6,0,4,1
54,7,6,1,7,1
54,7,6,2,7,1
54,8,4,0,5,1
54,8,4,1,8,1
54,8,4,2,2,1
54,9,17,0,1,1
54,9,17,1,8,1
54,9,17,2,7,1
55,0,1,0,9,1
55,0,1,1,5,1
55,0,1,2,10,1
55,1,20,0,1,1
55,1,20,1,2,1
55,1,20,2,9,1
55,2,7,0,4,1
55,2,7,1,7,1
55,2,7,2,8,1
55,3,4,0,8,1
55,3,4,1,4,1
55,3,4,2,4,1
55,4,14,0,4,1
55,4,14,1,1,1
55,4,14,2,9,1
55,5,14,0,2,1
55,5,14,1,6,1
55,5,14,2,4,1
55,6,8,0,1,1
55,6,8,1,1,1
55,6,8,2,10,1
55,7,6,0,4,1
55,7,6,1,8,1
55,7,6,2,1,1
55,8,9,0,6,1
55,8,9,1,6,1
55,8,9,2,10,1
55,9,19,0,8,1
55,9,19,1,5,1
55,9,19,2,3,1
56,0,2,0,5,1
56,0,2,1,7,1
56,0,2,2,10,1
56,1,7,0,7,1
56,1,7,1,2,1
56,1,7,2,7,1
56,2,14,0,3,1
56,2,14,1,10,1
56,2,14,2,8,1
56,3,3,0,5,1
56,3,3,1,3,1
56,3,3,2,10,1
56,4,14,0,2,1
56,4,14,1,8,1
56,4,14,2,1,1
56,5,17,0,5,1
56,5,17,1,7,1
56,5,17,2,9,1
56,6,17,0,1,1
56,6,17,1,9,1
56,6,17,2,1,1
56,7,3,0,9,1
56,7,3,1,2,1
56,7,3,2,4,1
56,8,5,0,7,1
56,8,5,1,5,1
56,8,5,2,6,1
56,9,1,0,8,1
56,9,1,1,2,1
56,9,1,2,1,1
57,0,14,0,2,1
57,0,14,1,3,1
57,0,14,2,4,1
57,1,11,0,7,1
57,1,11,1,4,1
57,1,11,2,3,1
57,2,1,0,3,1
57,2,1,1,2,1
57,2,1,2,5,1
57,3,16,0,2,1
57,3,16,1,1,1
57,3,16,2,8,1
57,4,2,0,5,1
57,4,2,1,7,1
57,4,2,2,3,1
57,5,2,0,6,1
57,5,2,1,9,1
57,5,2,2,2,1
57,6,8,0,6,1
57,6,8,1,8,1
57,6,8,2,9,1
57,7,15,0,4,1
57,7,15,1,5,1
57,7,15,2,10,1
57,8,11,0,9,1
57,8,11,1,4,1
57,8,11,2,3,1
57,9,11,0,5,1
57,9,11,1,4,1
57,9,11,2,10,1
58,0,6,0,4,1
58,0,6,1,2,1
58,0,6,2,7,1
58,1,20,0,8,1
58,1,20,1,6,1
58,1,20,2,1,1
58,2,2,0,1,1
58,2,2,1,9,1
58,2,2,2,6,1
58,3,3,0,6,1
58,3,3,1,9,1
58,3,3,2,2,1
58,4,2,0,1,1
58,4,2,1,8,1
58,4,2,2,1,1
58,5,14,0,5,1
58,5,14,1,9,1
58,5,14,2,10,1
58,6,16,0,4,1
58,6,16,1,9,1
58,6,16,2,8,1
58,7,14,0,9,1
58,7,14,1,2,1
58,7,14,2,10,1
58,8,10,0,10,1
58,8,10,1,2,1
58,8,10,2,5,1
58,9,5,0,4,1
58,9,5,1,1,1
58,9,5,2,2,1
59,0,11,0,5,1
59,0,11,1,1,1
59,0,11,2,4,1
59,1,16,0,5,1
59,1,16,1,6,1
59,1,16,2,5,1
59,2,2,0,3,1
59,2,2,1,10,1
59,2,2,2,1,1
59,3,3,0,3,1
59,3,3,1,5,1
59,3,3,2,10,1
59,4,4,0,2,1
59,4,4,1,7,1
59,4,4,2,10,1
59,5,17,0,1,1
59,5,17,1,5,1
59,5,17,2,2,1
59,6,3,0,9,1
59,6,3,1,5,1
59,6,3,2,7,1
59,7,13,0,2,1
59,7,13,1,10,1
59,7,13,2,10,1
59,8,4,0,1,1
59,8,4,1,4,1
59,8,4,2,1,1
59,9,17,0,5,1
59,9,17,1,4,1
59,9,17,2,7,1
60,0,10,0,9,1
60,0,10,1,2,1
60,0,10,2,1,1
60,1,13,0,7,1
60,1,13,1,5,1
60,1,13,2,4,1
60,2,2,0,10,1
60,2,2,1,2,1
60,2,2,2,2,1
60,3,9,0,1,1
60,3,9,1,2,1
60,3,9,2,5,1
60,4,8,0,10,1
60,4,8,1,5,1
60,4,8,2,7,1
60,5,13,0,10,1
60,5,13,1,3,1
60,5,13,2,1,1
60,6,10,0,1,1
60,6,10,1,2,1
60,6,10,2,6,1
60,7,18,0,4,1
60,7,18,1,7,1
60,7,18,2,10,1
60,8,2,0,3,1
60,8,2,1,3,1
60,8,2,2,1,1
60,9,3,0,9,1
60,9,3,1,4,1
60,9,3,2,6,1
61,0,14,0,9,1
61,0,14,1,2,1
61,0,14,2,9,1
61,1,8,0,8,1
61,1,8,1,10,1
61,1,8,2,8,1
61,2,1,0,8,1
61,2,1,1,3,1
61,2,1,2,2,1
61,3,13,0,4,1
61,3,13,1,4,1
61,3,13,2,4,1
61,4,10,0,9,1
61,4,10,1,8,1
61,4,10,2,8,1
61,5,10,0,10,1
61,5,10,1,9,1
61,5,10,2,6,1
61,6,1,0,5,1
61,6,1,1,3,1
61,6,1,2,5,1
61,7,13,0,5,1
61,7,13,1,2,1
61,7,13,2,1,1
61,8,5,0,5,1
61,8,5,1,6,1
61,8,5,2,6,1
61,9,19,0,1,1
61,9,19,1,4,1
61,9,19,2,1,1
62,0,2,0,7,1
62,0,2,1,9,1
62,0,2,2,9,1
62,1,5,0,10,1
62,1,5,1,4,1
62,1,5,2,7,1
62,2,8,0,8,1
62,2,8,1,2,1
62,2,8,2,2,1
62,3,12,0,5,1
62,3,12,1,9,1
62,3,12,2,4,1
62,4,19,0,8,1
62,4,19,1,3,1
62,4,19,2,3,1
62,5,17,0,7,1
62,5,17,1,8,1
62,5,17,2,5,1
62,6,15,0,8,1
62,6,15,1,5,1
62,6,15,2,6,1
62,7,20,0,2,1
62,7,20,1,7,1
62,7,20,2,2,1
62,8,17,0,6,1
62,8,17,1,8,1
62,8,17,2,10,1
62,9,4,0,9,1
62,9,4,1,6,1
62,9,4,2,1,1
63,0,16,0,5,1
63,0,16,1,10,1
63,0,16,2,7,1
63,1,14,0,10,1
63,1,14,1,5,1
63,1,14,2,3,1
63,2,2,0,2,1
63,2,2,1,7,1
63,2,2,2,9,1
63,3,15,0,2,1
63,3,15,1,8,1
63,3,15,2,1,1
63,4,16,0,8,1
63,4,16,1,9,1
63,4,16,2,1,1
63,5,17,0,5,1
63,5,17,1,7,1
63,5,17,2,2,1
63,6,17,0,5,1
63,6,17,1,3,1
63,6,17,2,4,1
63,7,17,0,9,1
63,7,17,1,1,1
63,7,17,2,6,1
63,8,13,0,6,1
63,8,13,1,4,1
63,8,13,2,6,1
63,9,10,0,9,1
63,9,10,1,10,1
63,9,10,2,4,1
64,0,5,0,2,1
64,0,5,1,1,1
64,0,5,2,4,1
64,1,8,0,8,1
64,1,8,1,8,1
64,1,8,2,7,1
64,2,19,0,1,1
64,2,19,1,2,1
64,2,19,2,4,1
64,3,19,0,10,1
64,3,19,1,4,1
64,3,19,2,3,1
64,4,17,0,2,1
64,4,17,1,5,1
64,4,17,2,2,1
64,5,11,0,3,1
64,5,11,1,2,1
64,5,11,2,2,1
64,6,15,0,4,1
64,6,15,1,4,1
64,6,15,2,6,1
64,7,14,0,2,1
64,7,14,1,10,1
64,7,14,2,1,1
64,8,5,0,7,1
64,8,5,1,2,1
64,8,5,2,3,1
64,9,5,0,3,1
64,9,5,1,10,1
64,9,5,2,6,1
65,0,6,0,5,1
65,0,6,1,10,1
65,0,6,2,7,1
65,1,9,0,3,1
65,1,9,1,10,1
65,1,9,2,7,1
65,2,13,0,1,1
65,2,13,1,3,1
65,2,13,2,4,1
65,3,1,0,6,1
65,3,1,1,4,1
65,3,1,2,2,1
65,4,6,0,7,1
65,4,6,1,10,1
65,4,6,2,8,1
65,5,8,0,7,1
65,5,8,1,5,1
65,5,8,2,1,1
65,6,17,0,9,1
65,6,17,1,4,1
65,6,17,2,3,1
65,7,13,0,8,1
65,7,13,1,3,1
65,7,13,2,8,1
65,8,7,0,1,1
65,8,7,1,8,1
65,8,7,2,10,1
65,9,5,0,4,1
65,9,5,1,4,1
65,9,5,2,7,1
66,0,4,0,5,1
66,0,4,1,2,1
66,0,4,2,3,1
66,1,2,0,5,1
66,1,2,1,8,1
66,1,2,2,5,1
66,2,20,0,3,1
66,2,20,1,9,1
66,2,20,2,3,1
66,3,4,0,5,1
66,3,4,1,7,1
66,3,4,2,5,1
66,4,19,0,5,1
66,4,19,1,3,1
66,4,19,2,9,1
66,5,4,0,3,1
66,5,4,1,5,1
66,5,4,2,3,1
66,6,19,0,9,1
66,6,19,1,5,1
66,6,19,2,6,1
66,7,10,0,2,1
66,7,10,1,2,1
66,7,10,2,8,1
66,8,5,0,8,1
66,8,5,1,7,1
66,8,5,2,6,1
66,9,8,0,2,1
66,9,8,1,6,1
66,9,8,2,3,1
67,0,1,0,8,1
67,0,1,1,2,1
67,0,1,2,5,1
67,1,15,0,7,1
67,1,15,1,3,1
67,1,15,2,1,1
67,2,11,0,7,1
67,2,11,1,6,1
67,2,11,2,5,1
67,3,15,0,6,1
67,3,15,1,9,1
67,3,15,2,4,1
67,4,4,0,9,1
67,4,4,1,1,1
67,4,4,2,1,1
67,5,18,0,10,1
67,5,18,1,9,1
67,5,18,2,6,1
67,6,12,0,10,1
67,6,12,1,4,1
67,6,12,2,6,1
67,7,9,0,8,1
67,7,9,1,6,1
67,7,9,2,1,1
67,8,2,0,1,1
67,8,2,1,8,1
67,8,2,2,5,1
67,9,1,0,10,1
67,9,1,1,9,1
67,9,1,2,3,1
68,0,16,0,7,1
68,0,16,1,9,1
68,0,16,2,5,1
68,1,19,0,5,1
68,1,19,1,3,1
68,1,19,2,2,1
68,2,1,0,10,1
68,2,1,1,9,1
68,2,1,2,4,1
68,3,15,0,5,1
68,3,15,1,4,1
68,3,15,2,5,1
68,4,14,0,8,1
68,4,14,1,6,1
68,4,14,2,8,1
68,5,18,0,4,1
68,5,18,1,10,1
68,5,18,2,6,1
68,6,14,0,8,1
68,6,14,1,1,1
68,6,14,2,6,1
68,7,19,0,1,1
68,7,19,1,9,1
68,7,19,2,9,1
68,8,1,0,9,1
68,8,1,1,8,1
68,8,1,2,4,1
68,9,3,0,5,1
68,9,3,1,10,1
68,9,3,2,8,1
69,0,19,0,3,1
69,0,19,1,1,1
69,0,19,2,9,1
69,1,7,0,2,1
69,1,7,1,4,1
69,1,7,2,3,1
69,2,9,0,1,1
69,2,9,1,7,1
69,2,9,2,10,1
69,3,12,0,10,1
69,3,12,1,2,1
69,3,12,2,9,1
69,4,1,0,5,1
69,4,1,1,5,1
69,4,1,2,3,1
69,5,4,0,4,1
69,5,4,1,7,1
69,5,4,2,9,1
69,6,15,0,4,1
69,6,15,1,10,1
69,6,15,2,5,1
69,7,5,0,10,1
69,7,5,1,4,1
69,7,5,2,9,1
69,8,3,0,5,1
69,8,3,1,2,1
69,8,3,2,3,1
69,9,13,0,4,1
69,9,13,1,10,1
69,9,13,2,8,1
70,0,12,0,4,1
70,0,12,1,7,1
70,0,12,2,3,1
70,1,4,0,5,1
70,1,4,1,2,1
70,1,4,2,1,1
70,2,6,0,9,1
70,2,6,1,5,1
70,2,6,2,8,1
70,3,16,0,8,1
70,3,16,1,10,1
70,3,16,2,5,1
70,4,8,0,7,1
70,4,8,1,2,1
70,4,8,2,5,1
70,5,5,0,6,1
70,5,5,1,8,1
70,5,5,2,9,1
70,6,8,0,9,1
70,6,8,1,10,1
70,6,8,2,1,1
70,7,11,0,9,1
70,7,11,1,1,1
70,7,11,2,3,1
70,8,5,0,2,1
70,8,5,1,8,1
70,8,5,2,1,1
70,9,19,0,2,1
70,9,19,1,6,1
70,9,19,2,8,1
71,0,1,0,2,1
71,0,1,1,4,1
71,0,1,2,10,1
71,1,18,0,2,1
71,1,18,1,8,1
71,1,18,2,4,1
71,2,15,0,7,1
71,2,15,1,5,1
71,2,15,2,6,1
71,3,7,0,8,1
71,3,7,1,3,1
71,3,7,2,8,1
71,4,16,0,10,1
71,4,16,1,7,1
71,4,16,2,2,1
71,5,18,0,10,1
71,5,18,1,4,1
71,5,18,2,1,1
71,6,7,0,9,1
71,6,7,1,3,1
71,6,7,2,5,1
71,7,9,0,4,1
71,7,9,1,6,1
71,7,9,2,4,1
71,8,7,0,6,1
71,8,7,1,3,1
71,8,7,2,8,1
71,9,7,0,10,1
71,9,7,1,10,1
71,9,7,2,4,1
72,0,6,0,2,1
72,0,6,1,9,1
72,0,6,2,6,1
72,1,1,0,4,1
72,1,1,1,8,1
72,1,1,2,5,1
72,2,11,0,5,1
72,2,11,1,2,1
72,2,11,2,7,1
72,3,19,0,7,1
72,3,19,1,6,1
72,3,19,2,9,1
72,4,17,0,4,1
72,4,17,1,8,1
72,4,17,2,1,1
72,5,1,0,9,1
72,5,1,1,7,1
72,5,1,2,6,1
72,6,4,0,10,1
72,6,4,1,9,1
72,6,4,2,6,1
72,7,19,0,1,1
72,7,19,1,10,1
72,7,19,2,9,1
72,8,20,0,5,1
72,8,20,1,4,1
72,8,20,2,1,1
72,9,7,0,9,1
72,9,7,1,8,1
72,9,7,2,5,1
73,0,12,0,3,1
73,0,12,1,4,1
73,0,12,2,5,1
73,1,8,0,5,1
73,1,8,1,7,1
73,1,8,2,3,1
73,2,4,0,10,1
73,2,4,1,5,1
73,2,4,2,10,1
73,3,4,0,3,1
73,3,4,1,6,1
73,3,4,2,7,1
73,4,20,0,9,1
73,4,20,1,6,1
73,4,20,2,2,1
73,5,5,0,8,1
73,5,5,1,8,1
73,5,5,2,9,1
73,6,17,0,7,1
73,6,17,1,1,1
73,6,17,2,1,1
73,7,18,0,3,1
73,7,18,1,3,1
73,7,18,2,9,1
73,8,15,0,8,1
73,8,15,1,2,1
73,8,15,2,7,1
73,9,16,0,4,1
73,9,16,1,10,1
73,9,16,2,6,1
74,0,6,0,7,1
74,0,6,1,2,1
74,0,6,2,8,1
74,1,10,0,4,1
74,1,10,1,10,1
74,1,10,2,1,1
74,2,6,0,8,1
74,2,6,1,8,1
74,2,6,2,5,1
74,3,12,0,8,1
74,3,12,1,9,1
74,3,12,2,5,1
74,4,12,0,2,1
74,4,12,1,8,1
74,4,12,2,9,1
74,5,9,0,10,1
74,5,9,1,8,1
74,5,9,2,10,1
74,6,16,0,5,1
74,6,16,1,5,1
74,6,16,2,5,1
74,7,17,0,7,1
74,7,17,1,7,1
74,7,17,2,9,1
74,8,5,0,7,1
74,8,5,1,9,1
74,8,5,2,5,1
74,9,8,0,4,1
74,9,8,1,5,1
74,9,8,2,4,1
75,0,4,0,9,1
75,0,4,1,7,1
75,0,4,2,4,1
75,1,16,0,9,1
75,1,16,1,9,1
75,1,16,2,2,1
75,2,2,0,1,1
75,2,2,1,3,1
75,2,2,2,4,1
75,3,19,0,8,1
75,3,19,1,9,1
75,3,19,2,8,1
75,4,18,0,6,1
75,4,18,1,7,1
75,4,18,2,1,1
75,5,1,0,2,1
75,5,1,1,1,1
75,5,1,2,7,1
75,6,17,0,10,1
75,6,17,1,7,1
75,6,17,2,1,1
75,7,16,0,9,1
75,7,16,1,1,1
75,7,16,2,10,1
75,8,6,0,10,1
75,8,6,1,10,1
75,8,6,2,4,1
75,9,5,0,6,1
75,9,5,1,10,1
75,9,5,2,2,1
76,0,6,0,6,1
76,0,6,1,3,1
76,0,6,2,3,1
76,1,7,0,4,1
76,1,7,1,4,1
76,1,7,2,7,1
76,2,2,0,3,1
76,2,2,1,7,1
76,2,2,2,2,1
76,3,18,0,3,1
76,3,18,1,9,1
76,3,18,2,3,1
76,4,5,0,6,1
76,4,5,1,8,1
76,4,5,2,3,1
76,5,8,0,2,1
76,5,8,1,4,1
76,5,8,2,9,1
76,6,11,0,1,1
76,6,11,1,8,1
76,6,11,2,7,1
76,7,9,0,7,1
76,7,9,1,2,1
76,7,9,2,9,1
76,8,8,0,1,1
76,8,8,1,7,1
76,8,8,2,7,1
76,9,16,0,3,1
76,9,16,1,10,1
76,9,16,2,4,1
77,0,13,0,6,1
77,0,13,1,9,1
77,0,13,2,9,1
77,1,5,0,7,1
77,1,5,1,6,1
77,1,5,2,3,1
77,2,4,0,7,1
77,2,4,1,3,1
77,2,4,2,9,1
77,3,9,0,1,1
77,3,9,1,5,1
77,3,9,2,8,1
77,4,17,0,3,1
77,4,17,1,8,1
77,4,17,2,4,1
77,5,1,0,5,1
77,5,1,1,1,1
77,5,1,2,5,1
77,6,16,0,5,1
77,6,16,1,5,1
77,6,16,2,4,1
77,7,5,0,4,1
77,7,5,1,1,1
77,7,5,2,7,1
77,8,9,0,1,1
77,8,9,1,3,1
77,8,9,2,3,1
77,9,15,0,9,1
77,9,15,1,4,1
77,9,15,2,2,1
78,0,6,0,3,1
78,0,6,1,9,1
78,0,6,2,2,1
78,1,19,0,10,1
78,1,19,1,1,1
78,1,19,2,5,1
78,2,2,0,7,1
78,2,2,1,10,1
78,2,2,2,3,1
78,3,18,0,8,1
78,3,18,1,8,1
78,3,18,2,8,1
78,4,11,0,4,1
78,4,11,1,10,1
78,4,11,2,8,1
78,5,6,0,9,1
78,5,6,1,3,1
78,5,6,2,5,1
78,6,4,0,2,1
78,6,4,1,1,1
78,6,4,2,8,1
78,7,7,0,2,1
78,7,7,1,3,1
78,7,7,2,3,1
78,8,17,0,6,1
78,8,17,1,7,1
78,8,17,2,5,1
78,9,17,0,3,1
78,9,17,1,1,1
78,9,17,2,5,1
79,0,2,0,9,1
79,0,2,1,10,1
79,0,2,2,5,1
79,1,18,0,9,1
79,1,18,1,1,1
79,1,18,2,9,1
79,2,19,0,9,1
79,2,19,1,6,1
79,2,19,2,5,1
79,3,9,0,2,1
79,3,9,1,6,1
79,3,9,2,5,1
79,4,3,0,7,1
79,4,3,1,5,1
79,4,3,2,3,1
79,5,17,0,10,1
79,5,17,1,1,1
79,5,17,2,9,1
79,6,10,0,2,1
79,6,10,1,3,1
79,6,10,2,8,1
79,7,13,0,5,1
79,7,13,1,2,1
79,7,13,2,7,1
79,8,8,0,4,1
79,8,8,1,7,1
79,8,8,2,3,1
79,9,16,0,1,1
79,9,16,1,2,1
79,9,16,2,4,1
80,0,12,0,3,1
80,0,12,1,6,1
80,0,12,2,8,1
80,1,11,0,7,1
80,1,11,1,9,1
80,1,11,2,8,1
80,2,10,0,10,1
80,2,10,1,3,1
80,2,10,2,7,1
80,3,2,0,1,1
80,3,2,1,9,1
80,3,2,2,10,1
80,4,1,0,8,1
80,4,1,1,2,1
80,4,1,2,1,1
80,5,11,0,7,1
80,5,11,1,2,1
80,5,11,2,5,1
80,6,11,0,5,1
80,6,11,1,10,1
80,6,11,2,10,1
80,7,16,0,1,1
80,7,16,1,10,1
80,7,16,2,7,1
80,8,6,0,9,1
80,8,6,1,5,1
80,8,6,2,6,1
80,9,8,0,5,1
80,9,8,1,6,1
80,9,8,2,8,1
81,0,7,0,9,1
81,0,7,1,3,1
81,0,7,2,10,1
81,1,3,0,8,1
81,1,3,1,9,1
81,1,3,2,2,1
81,2,4,0,6,1
81,2,4,1,7,1
81,2,4,2,2,1
81,3,10,0,2,1
81,3,10,1,3,1
81,3,10,2,2,1
81,4,18,0,3,1
81,4,18,1,10,1
81,4,18,2,9,1
81,5,9,0,6,1
81,5,9,1,7,1
81,5,9,2,9,1
81,6,7,0,1,1
81,6,7,1,6,1
81,6,7,2,8,1
81,7,5,0,6,1
81,7,5,1,10,1
81,7,5,2,8,1
81,8,9,0,3,1
81,8,9,1,9,1
81,8,9,2,1,1
81,9,7,0,8,1
81,9,7,1,2,1
81,9,7,2,8,1
82,0,7,0,6,1
82,0,7,1,6,1
82,0,7,2,8,1
82,1,19,0,6,1
82,1,19,1,8,1
82,1,19,2,8,1
82,2,9,0,8,1
82,2,9,1,5,1
82,2,9,2,1,1
82,3,18,0,6,1
82,3,18,1,2,1
82,3,18,2,10,1
82,4,4,0,8,1
82,4,4,1,6,1
82,4,4,2,3,1
82,5,1,0,8,1
82,5,1,1,2,1
82,5,1,2,8,1
82,6,11,0,10,1
82,6,11,1,9,1
82,6,11,2,9,1
82,7,1,0,4,1
82,7,1,1,8,1
82,7,1,2,5,1
82,8,4,0,5,1
82,8,4,1,6,1
82,8,4,2,3,1
82,9,12,0,1,1
82,9,12,1,2,1
82,9,12,2,4,1
83,0,15,0,8,1
83,0,15,1,9,1
83,0,15,2,4,1
83,1,10,0,8,1
83,1,10,1,2,1
83,1,10,2,8,1
83,2,16,0,9,1
83,2,16,1,7,1
83,2,16,2,1,1
83,3,16,0,7,1
83,3,16,1,9,1
83,3,16,2,10,1
83,4,13,0,10,1
83,4,13,1,2,1
83,4,13,2,3,1
83,5,8,0,3,1
83,5,8,1,5,1
83,5,8,2,8,1
83,6,5,0,2,1
83,6,5,1,4,1
83,6,5,2,3,1
83,7,9,0,6,1
83,7,9,1,3,1
83,7,9,2,10,1
83,8,16,0,2,1
83,8,16,1,8,1
83,8,16,2,2,1
83,9,7,0,2,1
83,9,7,1,1,1
83,9,7,2,5,1
84,0,2,0,4,1
84,0,2,1,2,1
84,0,2,2,8,1
84,1,6,0,1,1
84,1,6,1,5,1
84,1,6,2,4,1
84,2,8,0,2,1
84,2,8,1,3,1
84,2,8,2,5,1
84,3,10,0,1,1
84,3,10,1,5,1
84,3,10,2,10,1
84,4,17,0,10,1
84,4,17,1,1,1
84,4,17,2,8,1
84,5,19,0,10,1
84,5,19,1,5,1
84,5,19,2,3,1
84,6,8,0,3,1
84,6,8,1,2,1
84,6,8,2,3,1
84,7,9,0,4,1
84,7,9,1,2,1
84,7,9,2,9,1
84,8,19,0,3,1
84,8,19,1,4,1
84,8,19,2,8,1
84,9,12,0,6,1
84,9,12,1,2,1
84,9,12,2,3,1
85,0,8,0,1,1
85,0,8,1,4,1
85,0,8,2,2,1
85,1,6,0,2,1
85,1,6,1,4,1
85,1,6,2,7,1
85,2,19,0,3,1
85,2,19,1,10,1
85,2,19,2,9,1
85,3,1,0,9,1
85,3,1,1,9,1
85,3,1,2,7,1
85,4,2,0,6,1
85,4,2,1,3,1
85,4,2,2,4,1
85,5,17,0,4,1
85,5,17,1,6,1
85,5,17,2,8,1
85,6,18,0,6,1
85,6,18,1,6,1
85,6,18,2,5,1
85,7,11,0,9,1
85,7,11,1,3,1
85,7,11,2,1,1
85,8,17,0,4,1
85,8,17,1,4,1
85,8,17,2,10,1
85,9,20,0,9,1
85,9,20,1,2,1
85,9,20,2,4,1
86,0,20,0,5,1
86,0,20,1,9,1
86,0,20,2,7,1
86,1,1,0,6,1
86,1,1,1,7,1
86,1,1,2,5,1
86,2,11,0,5,1
86,2,11,1,3,1
86,2,11,2,4,1
86,3,13,0,10,1
86,3,13,1,5,1
86,3,13,2,3,1
86,4,11,0,10,1
86,4,11,1,2,1
86,4,11,2,3,1
86,5,6,0,1,1
86,5,6,1,2,1
86,5,6,2,10,1
86,6,8,0,1,1
86,6,8,1,8,1
86,6,8,2,7,1
86,7,4,0,9,1
86,7,4,1,8,1
86,7,4,2,3,1
86,8,20,0,10,1
86,8,20,1,9,1
86,8,20,2,7,1
86,9,11,0,5,1
86,9,11,1,4,1
86,9,11,2,1,1
87,0,11,0,4,1
87,0,11,1,1,1
87,0,11,2,1,1
87,1,5,0,5,1
87,1,5,1,4,1
87,1,5,2,4,1
87,2,10,0,5,1
87,2,10,1,7,1
87,2,10,2,2,1
87,3,11,0,5,1
87,3,11,1,3,1
87,3,11,2,2,1
87,4,14,0,9,1
87,4,14,1,6,1
87,4,14,2,1,1
87,5,18,0,6,1
87,5,18,1,4,1
87,5,18,2,3,1
87,6,5,0,10,1
87,6,5,1,10,1
87,6,5,2,9,1
87,7,19,0,10,1
87,7,19,1,8,1
87,7,19,2,1,1
87,8,1,0,5,1
87,8,1,1,4,1
87,8,1,2,5,1
87,9,2,0,4,1
87,9,2,1,4,1
87,9,2,2,7,1
88,0,6,0,2,1
88,0,6,1,9,1
88,0,6,2,2,1
88,1,2,0,8,1
88,1,2,1,5,1
88,1,2,2,2,1
88,2,10,0,1,1
88,2,10,1,7,1
88,2,10,2,2,1
88,3,1,0,1,1
88,3,1,1,10,1
88,3,1,2,4,1
88,4,15,0,4,1
88,4,15,1,6,1
88,4,15,2,4,1
88,5,14,0,10,1
88,5,14,1,6,1
88,5,14,2,1,1
88,6,13,0,6,1
88,6,13,1,4,1
88,6,13,2,4,1
88,7,14,0,4,1
88,7,14,1,4,1
88,7,14,2,9,1
88,8,2,0,4,1
88,8,2,1,3,1
88,8,2,2,3,1
88,9,9,0,10,1
88,9,9,1,9,1
88,9,9,2,8,1
89,0,17,0,5,1
89,0,17,1,7,1
89,0,17,2,7,1
89,1,5,0,6,1
89,1,5,1,2,1
89,1,5,2,1,1
89,2,1,0,6,1
89,2,1,1,7,1
89,2,1,2,9,1
89,3,5,0,3,1
89,3,5,1,6,1
89,3,5,2,4,1
89,4,11,0,2,1
89,4,11,1,7,1
89,4,11,2,1,1
89,5,20,0,1,1
89,5,20,1,5,1
89,5,20,2,9,1
89,6,10,0,1,1
89,6,10,1,7,1
89,6,10,2,6,1
89,7,16,0,4,1
89,7,16,1,3,1
89,7,16,2,1,1
89,8,7,0,7,1
89,8,7,1,1,1
89,8,7,2,3,1
89,9,16,0,1,1
89,9,16,1,9,1
89,9,16,2,2,1
90,0,10,0,7,1
90,0,10,1,7,1
90,0,10,2,5,1
90,1,8,0,4,1
90,1,8,1,6,1
90,1,8,2,5,1
90,2,20,0,5,1
90,2,20,1,7,1
90,2,20,2,2,1
90,3,11,0,7,1
90,3,11,1,8,1
90,3,11,2,10,1
90,4,11,0,8,1
90,4,11,1,3,1
90,4,11,2,2,1
90,5,12,0,8,1
90,5,12,1,2,1
90,5,12,2,10,1
90,6,14,0,7,1
90,6,14,1,6,1
90,6,14,2,4,1
90,7,1,0,5,1
90,7,1,1,3,1
90,7,1,2,1,1
90,8,11,0,6,1
90,8,11,1,1,1
90,8,11,2,4,1
90,9,14,0,8,1
90,9,14,1,1,1
90,9,14,2,2,1
91,0,6,0,2,1
91,0,6,1,6,1
91,0,6,2,8,1
91,1,6,0,7,1
91,1,6,1,8,1
91,1,6,2,9,1
91,2,7,0,1,1
91,2,7,1,7,1
91,2,7,2,4,1
91,3,19,0,10,1
91,3,19,1,9,1
91,3,19,2,10,1
91,4,18,0,2,1
91,4,18,1,2,1
91,4,18,2,5,1
91,5,16,0,7,1
91,5,16,1,8,1
91,5,16,2,8,1
91,6,16,0,5,1
91,6,16,1,3,1
91,6,16,2,7,1
91,7,3,0,10,1
91,7,3,1,2,1
91,7,3,2,7,1
91,8,20,0,8,1
91,8,20,1,7,1
91,8,20,2,6,1
91,9,16,0,8,1
91,9,16,1,10,1
91,9,16,2,10,1
92,0,11,0,3,1
92,0,11,1,10,1
92,0,11,2,6,1
92,1,14,0,8,1
92,1,14,1,5,1
92,1,14,2,3,1
92,2,16,0,7,1
92,2,16,1,1,1
92,2,16,2,7,1
92,3,18,0,8,1
92,3,18,1,3,1
92,3,18,2,2,1
92,4,3,0,9,1
92,4,3,1,9,1
92,4,3,2,8,1
92,5,1,0,7,1
92,5,1,1,3,1
92,5,1,2,1,1
92,6,8,0,10,1
92,6,8,1,4,1
92,6,8,2,9,1
92,7,18,0,10,1
92,7,18,1,9,1
92,7,18,2,10,1
92,8,10,0,5,1
92,8,10,1,2,1
92,8,10,2,10,1
92,9,8,0,7,1
92,9,8,1,10,1
92,9,8,2,2,1
93,0,12,0,10,1
93,0,12,1,8,1
93,0,12,2,4,1
93,1,9,0,10,1
93,1,9,1,9,1
93,1,9,2,9,1
93,2,1,0,3,1
93,2,1,1,4,1
93,2,1,2,5,1
93,3,9,0,7,1
93,3,9,1,4,1
93,3,9,2,9,1
93,4,2,0,6,1
93,4,2,1,2,1
93,4,2,2,2,1
93,5,19,0,3,1
93,5,19,1,8,1
93,5,19,2,8,1
93,6,13,0,1,1
93,6,13,1,3,1
93,6,13,2,10,1
93,7,11,0,1,1
93,7,11,1,10,1
93,7,11,2,10,1
93,8,20,0,2,1
93,8,20,1,2,1
93,8,20,2,7,1
93,9,6,0,1,1
93,9,6,1,1,1
93,9,6,2,2,1
94,0,5,0,2,1
94,0,5,1,5,1
94,0,5,2,3,1
94,1,6,0,4,1
94,1,6,1,9,1
94,1,6,2,8,1
94,2,7,0,5,1
94,2,7,1,2,1
94,2,7,2,9,1
94,3,6,0,1,1
94,3,6,1,4,1
94,3,6,2,3,1
94,4,13,0,5,1
94,4,13,1,3,1
94,4,13,2,5,1
94,5,16,0,9,1
94,5,16,1,1,1
94,5,16,2,8,1
94,6,9,0,2,1
94,6,9,1,4,1
94,6,9,2,9,1
94,7,19,0,1,1
94,7,19,1,9,1
94,7,19,2,1,1
94,8,7,0,4,1
94,8,7,1,9,1
94,8,7,2,5,1
94,9,16,0,2,1
94,9,16,1,10,1
94,9,16,2,5,1
95,0,18,0,2,1
95,0,18,1,9,1
95,0,18,2,3,1
95,1,9,0,3,1
95,1,9,1,4,1
95,1,9,2,9,1
95,2,10,0,10,1
95,2,10,1,5,1
95,2,10,2,2,1
95,3,10,0,7,1
95,3,10,1,8,1
95,3,10,2,3,1
95,4,2,0,10,1
95,4,2,1,3,1
95,4,2,2,2,1
95,5,15,0,4,1
95,5,15,1,10,1
95,5,15,2,2,1
95,6,18,0,1,1
95,6,18,1,8,1
95,6,18,2,9,1
95,7,12,0,3,1
95,7,12,1,7,1
95,7,12,2,10,1
95,8,15,0,5,1
95,8,15,1,10,1
95,8,15,2,8,1
95,9,8,0,5,1
95,9,8,1,10,1
95,9,8,2,3,1
96,0,13,0,5,1
96,0,13,1,1,1
96,0,13,2,6,1
96,1,11,0,10,1
96,1,11,1,3,1
96,1,11,2,10,1
96,2,15,0,2,1
96,2,15,1,10,1
96,2,15,2,2,1
96,3,14,0,4,1
96,3,14,1,7,1
96,3,14,2,7,1
96,4,14,0,7,1
96,4,14,1,4,1
96,4,14,2,6,1
96,5,19,0,5,1
96,5,19,1,1,1
96,5,19,2,1,1
96,6,13,0,10,1
96,6,13,1,7,1
96,6,13,2,9,1
96,7,13,0,7,1
96,7,13,1,6,1
96,7,13,2,7,1
96,8,11,0,5,1
96,8,11,1,1,1
96,8,11,2,9,1
96,9,2,0,4,1
96,9,2,1,9,1
96,9,2,2,6,1
97,0,1,0,9,1
97,0,1,1,1,1
97,0,1,2,5,1
97,1,14,0,6,1
97,1,14,1,10,1
97,1,14,2,5,1
97,2,6,0,9,1
97,2,6,1,4,1
97,2,6,2,6,1
97,3,9,0,9,1
97,3,9,1,5,1
97,3,9,2,4,1
97,4,10,0,3,1
97,4,10,1,5,1
97,4,10,2,9,1
97,5,7,0,4,1
97,5,7,1,5,1
97,5,7,2,7,1
97,6,6,0,9,1
97,6,6,1,10,1
97,6,6,2,6,1
97,7,11,0,3,1
97,7,11,1,8,1
97,7,11,2,3,1
97,8,9,0,4,1
97,8,9,1,10,1
97,8,9,2,10,1
97,9,5,0,4,1
97,9,5,1,9,1
97,9,5,2,6,1
98,0,8,0,5,1
98,0,8,1,1,1
98,0,8,2,8,1
98,1,16,0,1,1
98,1,16,1,5,1
98,1,16,2,10,1
98,2,4,0,2,1
98,2,4,1,4,1
98,2,4,2,1,1
98,3,1,0,8,1
98,3,1,1,3,1
98,3,1,2,5,1
98,4,20,0,1,1
98,4,20,1,1,1
98,4,20,2,6,1
98,5,1,0,3,1
98,5,1,1,5,1
98,5,1,2,2,1
98,6,20,0,9,1
98,6,20,1,5,1
98,6,20,2,1,1
98,7,11,0,5,1
98,7,11,1,2,1
98,7,11,2,6,1
98,8,9,0,5,1
98,8,9,1,7,1
98,8,9,2,6,1
98,9,1,0,1,1
98,9,1,1,4,1
98,9,1,2,6,1
99,0,17,0,4,1
99,0,17,1,1,1
99,0,17,2,4,1
99,1,6,0,3,1
99,1,6,1,1,1
99,1,6,2,4,1
99,2,7,0,4,1
99,2,7,1,6,1
99,2,7,2,8,1
99,3,2,0,6,1
99,3,2,1,1,1
99,3,2,2,1,1
99,4,9,0,2,1
99,4,9,1,3,1
99,4,9,2,9,1
99,5,4,0,4,1
99,5,4,1,10,1
99,5,4,2,3,1
99,6,4,0,3,1
99,6,4,1,9,1
99,6,4,2,9,1
99,7,5,0,8,1
99,7,5,1,6,1
99,7,5,2,8,1
99,8,14,0,6,1
99,8,14,1,4,1
99,8,14,2,4,1
99,9,15,0,7,1
99,9,15,1,9,1
99,9,15,2,4,1
